chr1	114713907	T	202	=:0:0.00:0.00:0.00:0:0:0.00:0.00:0.00:0:0.00:0.00:0.00	A:0:0.00:0.00:0.00:0:0:0.00:0.00:0.00:0:0.00:0.00:0.00	C:0:0.00:0.00:0.00:0:0:0.00:0.00:0.00:0:0.00:0.00:0.00	G:0:0.00:0.00:0.00:0:0:0.00:0.00:0.00:0:0.00:0.00:0.00	T:202:59.97:32.32:5.02:39:163:0.47:0.00:1.66:41:0.42:75.44:0.56	N:0:0.00:0.00:0.00:0:0:0.00:0.00:0.00:0:0.00:0.00:0.00
chr1	114713908	T	196	=:0:0.00:0.00:0.00:0:0:0.00:0.00:0.00:0:0.00:0.00:0.00	A:0:0.00:0.00:0.00:0:0:0.00:0.00:0.00:0:0.00:0.00:0.00	C:0:0.00:0.00:0.00:0:0:0.00:0.00:0.00:0:0.00:0.00:0.00	G:0:0.00:0.00:0.00:0:0:0.00:0.00:0.00:0:0.00:0.00:0.00	T:196:59.97:30.95:4.87:37:159:0.48:0.00:1.69:39:0.43:75.40:0.56	N:0:0.00:0.00:0.00:0:0:0.00:0.00:0.00:0:0.00:0.00:0.00
chr1	114713909	G	190	=:0:0.00:0.00:0.00:0:0:0.00:0.00:0.00:0:0.00:0.00:0.00	A:0:0.00:0.00:0.00:0:0:0.00:0.00:0.00:0:0.00:0.00:0.00	C:0:0.00:0.00:0.00:0:0:0.00:0.00:0.00:0:0.00:0.00:0.00	G:190:59.97:31.53:5.34:35:155:0.49:0.00:1.70:37:0.44:75.41:0.57	T:0:0.00:0.00:0.00:0:0:0.00:0.00:0.00:0:0.00:0.00:0.00	N:0:0.00:0.00:0.00:0:0:0.00:0.00:0.00:0:0.00:0.00:0.00
chr1	114716123	C	878	=:0:0.00:0.00:0.00:0:0:0.00:0.00:0.00:0:0.00:0.00:0.00	A:0:0.00:0.00:0.00:0:0:0.00:0.00:0.00:0:0.00:0.00:0.00	C:878:59.95:31.99:3.98:403:475:0.49:0.00:1.77:413:0.37:75.11:0.41	G:0:0.00:0.00:0.00:0:0:0.00:0.00:0.00:0:0.00:0.00:0.00	T:0:0.00:0.00:0.00:0:0:0.00:0.00:0.00:0:0.00:0.00:0.00	N:0:0.00:0.00:0.00:0:0:0.00:0.00:0.00:0:0.00:0.00:0.00
chr1	114716124	C	883	=:0:0.00:0.00:0.00:0:0:0.00:0.00:0.00:0:0.00:0.00:0.00	A:1:60.00:13.00:0.00:1:0:0.18:0.01:13.00:1:0.07:76.00:0.07	C:882:59.95:32.78:4.10:405:477:0.48:0.00:1.77:415:0.37:75.03:0.41	G:0:0.00:0.00:0.00:0:0:0.00:0.00:0.00:0:0.00:0.00:0.00	T:0:0.00:0.00:0.00:0:0:0.00:0.00:0.00:0:0.00:0.00:0.00	N:0:0.00:0.00:0.00:0:0:0.00:0.00:0.00:0:0.00:0.00:0.00
chr1	114716126	C	870	=:0:0.00:0.00:0.00:0:0:0.00:0.00:0.00:0:0.00:0.00:0.00	A:0:0.00:0.00:0.00:0:0:0.00:0.00:0.00:0:0.00:0.00:0.00	C:869:59.96:32.15:4.10:388:481:0.49:0.00:1.71:398:0.36:75.07:0.41	G:0:0.00:0.00:0.00:0:0:0.00:0.00:0.00:0:0.00:0.00:0.00	T:1:60.00:17.00:0.00:0:1:0.21:0.01:17.00:0:0.00:76.00:0.11	N:0:0.00:0.00:0.00:0:0:0.00:0.00:0.00:0:0.00:0.00:0.00
chr1	114716127	C	863	=:0:0.00:0.00:0.00:0:0:0.00:0.00:0.00:0:0.00:0.00:0.00	A:0:0.00:0.00:0.00:0:0:0.00:0.00:0.00:0:0.00:0.00:0.00	C:863:59.96:32.63:4.27:383:480:0.49:0.00:1.72:392:0.35:75.08:0.40	G:0:0.00:0.00:0.00:0:0:0.00:0.00:0.00:0:0.00:0.00:0.00	T:0:0.00:0.00:0.00:0:0:0.00:0.00:0.00:0:0.00:0.00:0.00	N:0:0.00:0.00:0.00:0:0:0.00:0.00:0.00:0:0.00:0.00:0.00
chr12	25227341	T	287	=:0:0.00:0.00:0.00:0:0:0.00:0.00:0.00:0:0.00:0.00:0.00	A:0:0.00:0.00:0.00:0:0:0.00:0.00:0.00:0:0.00:0.00:0.00	C:0:0.00:0.00:0.00:0:0:0.00:0.00:0.00:0:0.00:0.00:0.00	G:0:0.00:0.00:0.00:0:0:0.00:0.00:0.00:0:0.00:0.00:0.00	T:287:59.76:31.91:4.59:112:175:0.51:0.00:1.85:112:0.38:75.68:0.44	N:0:0.00:0.00:0.00:0:0:0.00:0.00:0.00:0:0.00:0.00:0.00
chr12	25227342	T	288	=:0:0.00:0.00:0.00:0:0:0.00:0.00:0.00:0:0.00:0.00:0.00	A:0:0.00:0.00:0.00:0:0:0.00:0.00:0.00:0:0.00:0.00:0.00	C:0:0.00:0.00:0.00:0:0:0.00:0.00:0.00:0:0.00:0.00:0.00	G:0:0.00:0.00:0.00:0:0:0.00:0.00:0.00:0:0.00:0.00:0.00	T:288:59.71:30.49:4.52:114:174:0.50:0.00:1.84:114:0.38:75.78:0.45	N:0:0.00:0.00:0.00:0:0:0.00:0.00:0.00:0:0.00:0.00:0.00
chr12	25227343	G	288	=:0:0.00:0.00:0.00:0:0:0.00:0.00:0.00:0:0.00:0.00:0.00	A:0:0.00:0.00:0.00:0:0:0.00:0.00:0.00:0:0.00:0.00:0.00	C:0:0.00:0.00:0.00:0:0:0.00:0.00:0.00:0:0.00:0.00:0.00	G:288:59.64:32.10:4.86:115:173:0.50:0.00:1.84:115:0.38:75.78:0.45	T:0:0.00:0.00:0.00:0:0:0.00:0.00:0.00:0:0.00:0.00:0.00	N:0:0.00:0.00:0.00:0:0:0.00:0.00:0.00:0:0.00:0.00:0.00
chr12	25245347	C	542	=:0:0.00:0.00:0.00:0:0:0.00:0.00:0.00:0:0.00:0.00:0.00	A:1:60.00:13.00:60.00:1:0:0.08:0.04:21.00:1:0.92:76.00:0.92	C:541:59.79:32.12:2.77:230:311:0.50:0.00:1.38:244:0.41:75.32:0.42	G:0:0.00:0.00:0.00:0:0:0.00:0.00:0.00:0:0.00:0.00:0.00	T:0:0.00:0.00:0.00:0:0:0.00:0.00:0.00:0:0.00:0.00:0.00	N:0:0.00:0.00:0.00:0:0:0.00:0.00:0.00:0:0.00:0.00:0.00
chr12	25245348	C	547	=:0:0.00:0.00:0.00:0:0:0.00:0.00:0.00:0:0.00:0.00:0.00	A:0:0.00:0.00:0.00:0:0:0.00:0.00:0.00:0:0.00:0.00:0.00	C:547:59.80:32.93:2.96:231:316:0.49:0.00:1.37:244:0.41:75.33:0.42	G:0:0.00:0.00:0.00:0:0:0.00:0.00:0.00:0:0.00:0.00:0.00	T:0:0.00:0.00:0.00:0:0:0.00:0.00:0.00:0:0.00:0.00:0.00	N:0:0.00:0.00:0.00:0:0:0.00:0.00:0.00:0:0.00:0.00:0.00
chr12	25245350	C	532	=:0:0.00:0.00:0.00:0:0:0.00:0.00:0.00:0:0.00:0.00:0.00	A:0:0.00:0.00:0.00:0:0:0.00:0.00:0.00:0:0.00:0.00:0.00	C:532:59.79:32.07:3.38:215:317:0.51:0.00:1.39:229:0.42:75.31:0.43	G:0:0.00:0.00:0.00:0:0:0.00:0.00:0.00:0:0.00:0.00:0.00	T:0:0.00:0.00:0.00:0:0:0.00:0.00:0.00:0:0.00:0.00:0.00	N:0:0.00:0.00:0.00:0:0:0.00:0.00:0.00:0:0.00:0.00:0.00
chr12	25245351	C	542	=:0:0.00:0.00:0.00:0:0:0.00:0.00:0.00:0:0.00:0.00:0.00	A:0:0.00:0.00:0.00:0:0:0.00:0.00:0.00:0:0.00:0.00:0.00	C:541:59.79:32.97:3.33:216:325:0.51:0.00:1.30:229:0.42:75.32:0.42	G:1:60.00:19.00:0.00:0:1:0.39:0.01:19.00:0:0.00:76.00:0.20	T:0:0.00:0.00:0.00:0:0:0.00:0.00:0.00:0:0.00:0.00:0.00	N:0:0.00:0.00:0.00:0:0:0.00:0.00:0.00:0:0.00:0.00:0.00
chr15	90088702	C	457	=:0:0.00:0.00:0.00:0:0:0.00:0.00:0.00:0:0.00:0.00:0.00	A:1:60.00:30.00:0.00:0:1:0.66:0.01:30.00:0:0.00:76.00:0.33	C:456:59.96:28.73:5.36:274:182:0.51:0.00:1.97:280:0.48:75.25:0.48	G:0:0.00:0.00:0.00:0:0:0.00:0.00:0.00:0:0.00:0.00:0.00	T:0:0.00:0.00:0.00:0:0:0.00:0.00:0.00:0:0.00:0.00:0.00	N:0:0.00:0.00:0.00:0:0:0.00:0.00:0.00:0:0.00:0.00:0.00
chr17	7674220	C	296	=:0:0.00:0.00:0.00:0:0:0.00:0.00:0.00:0:0.00:0.00:0.00	A:0:0.00:0.00:0.00:0:0:0.00:0.00:0.00:0:0.00:0.00:0.00	C:296:59.86:29.49:7.77:206:90:0.53:0.00:4.19:208:0.53:74.51:0.47	G:0:0.00:0.00:0.00:0:0:0.00:0.00:0.00:0:0.00:0.00:0.00	T:0:0.00:0.00:0.00:0:0:0.00:0.00:0.00:0:0.00:0.00:0.00	N:0:0.00:0.00:0.00:0:0:0.00:0.00:0.00:0:0.00:0.00:0.00
chr17	7675088	C	183	=:0:0.00:0.00:0.00:0:0:0.00:0.00:0.00:0:0.00:0.00:0.00	A:0:0.00:0.00:0.00:0:0:0.00:0.00:0.00:0:0.00:0.00:0.00	C:183:60.00:26.95:2.30:73:110:0.54:0.00:3.62:77:0.46:75.45:0.48	G:0:0.00:0.00:0.00:0:0:0.00:0.00:0.00:0:0.00:0.00:0.00	T:0:0.00:0.00:0.00:0:0:0.00:0.00:0.00:0:0.00:0.00:0.00	N:0:0.00:0.00:0.00:0:0:0.00:0.00:0.00:0:0.00:0.00:0.00
chr17	7675089	G	178	=:0:0.00:0.00:0.00:0:0:0.00:0.00:0.00:0:0.00:0.00:0.00	A:0:0.00:0.00:0.00:0:0:0.00:0.00:0.00:0:0.00:0.00:0.00	C:0:0.00:0.00:0.00:0:0:0.00:0.00:0.00:0:0.00:0.00:0.00	G:178:60.00:28.22:2.02:71:107:0.55:0.00:3.71:74:0.48:75.75:0.48	T:0:0.00:0.00:0.00:0:0:0.00:0.00:0.00:0:0.00:0.00:0.00	N:0:0.00:0.00:0.00:0:0:0.00:0.00:0.00:0:0.00:0.00:0.00
chr2	208248388	C	313	=:0:0.00:0.00:0.00:0:0:0.00:0.00:0.00:0:0.00:0.00:0.00	A:2:60.00:15.50:0.00:2:0:0.57:0.03:39.00:2:0.57:76.00:0.57	C:311:60.00:27.88:8.30:166:145:0.55:0.00:1.85:174:0.45:74.61:0.47	G:0:0.00:0.00:0.00:0:0:0.00:0.00:0.00:0:0.00:0.00:0.00	T:0:0.00:0.00:0.00:0:0:0.00:0.00:0.00:0:0.00:0.00:0.00	N:0:0.00:0.00:0.00:0:0:0.00:0.00:0.00:0:0.00:0.00:0.00
chr2	208248389	G	316	=:0:0.00:0.00:0.00:0:0:0.00:0.00:0.00:0:0.00:0.00:0.00	A:0:0.00:0.00:0.00:0:0:0.00:0.00:0.00:0:0.00:0.00:0.00	C:0:0.00:0.00:0.00:0:0:0.00:0.00:0.00:0:0.00:0.00:0.00	G:316:60.00:27.96:8.35:170:146:0.55:0.00:2.16:178:0.45:74.77:0.47	T:0:0.00:0.00:0.00:0:0:0.00:0.00:0.00:0:0.00:0.00:0.00	N:0:0.00:0.00:0.00:0:0:0.00:0.00:0.00:0:0.00:0.00:0.00
chr4	1801841	C	6	=:0:0.00:0.00:0.00:0:0:0.00:0.00:0.00:0:0.00:0.00:0.00	A:0:0.00:0.00:0.00:0:0:0.00:0.00:0.00:0:0.00:0.00:0.00	C:6:60.00:31.50:0.00:4:2:0.30:0.00:0.00:5:0.84:76.00:0.83	G:0:0.00:0.00:0.00:0:0:0.00:0.00:0.00:0:0.00:0.00:0.00	T:0:0.00:0.00:0.00:0:0:0.00:0.00:0.00:0:0.00:0.00:0.00	N:0:0.00:0.00:0.00:0:0:0.00:0.00:0.00:0:0.00:0.00:0.00
chr7	140753334	T	826	=:0:0.00:0.00:0.00:0:0:0.00:0.00:0.00:0:0.00:0.00:0.00	A:0:0.00:0.00:0.00:0:0:0.00:0.00:0.00:0:0.00:0.00:0.00	C:0:0.00:0.00:0.00:0:0:0.00:0.00:0.00:0:0.00:0.00:0.00	G:0:0.00:0.00:0.00:0:0:0.00:0.00:0.00:0:0.00:0.00:0.00	T:826:59.38:30.36:3.54:371:455:0.54:0.00:6.47:383:0.40:75.25:0.42	N:0:0.00:0.00:0.00:0:0:0.00:0.00:0.00:0:0.00:0.00:0.00
chr7	140753336	A	829	=:0:0.00:0.00:0.00:0:0:0.00:0.00:0.00:0:0.00:0.00:0.00	A:700:59.32:30.93:3.75:311:389:0.53:0.00:1.67:321:0.39:75.19:0.43	C:0:0.00:0.00:0.00:0:0:0.00:0.00:0.00:0:0.00:0.00:0.00	G:0:0.00:0.00:0.00:0:0:0.00:0.00:0.00:0:0.00:0.00:0.00	T:129:59.70:31.53:2.29:55:74:0.53:0.01:32.95:58:0.36:75.67:0.44	N:0:0.00:0.00:0.00:0:0:0.00:0.00:0.00:0:0.00:0.00:0.00
chr7	140781602	C	716	=:0:0.00:0.00:0.00:0:0:0.00:0.00:0.00:0:0.00:0.00:0.00	A:0:0.00:0.00:0.00:0:0:0.00:0.00:0.00:0:0.00:0.00:0.00	C:715:51.24:31.91:3.59:488:227:0.54:0.00:1.15:493:0.43:75.28:0.44	G:1:60.00:25.00:0.00:0:1:0.32:0.04:65.00:0:0.00:76.00:0.84	T:0:0.00:0.00:0.00:0:0:0.00:0.00:0.00:0:0.00:0.00:0.00	N:0:0.00:0.00:0.00:0:0:0.00:0.00:0.00:0:0.00:0.00:0.00
chr7	140781603	C	720	=:0:0.00:0.00:0.00:0:0:0.00:0.00:0.00:0:0.00:0.00:0.00	A:1:60.00:31.00:0.00:1:0:0.39:0.01:31.00:1:0.17:76.00:0.17	C:719:51.22:32.54:3.61:489:230:0.53:0.00:1.15:494:0.43:75.31:0.44	G:0:0.00:0.00:0.00:0:0:0.00:0.00:0.00:0:0.00:0.00:0.00	T:0:0.00:0.00:0.00:0:0:0.00:0.00:0.00:0:0.00:0.00:0.00	N:0:0.00:0.00:0.00:0:0:0.00:0.00:0.00:0:0.00:0.00:0.00
chr7	6374769	G	6	=:0:0.00:0.00:0.00:0:0:0.00:0.00:0.00:0:0.00:0.00:0.00	A:0:0.00:0.00:0.00:0:0:0.00:0.00:0.00:0:0.00:0.00:0.00	C:0:0.00:0.00:0.00:0:0:0.00:0.00:0.00:0:0.00:0.00:0.00	G:6:60.00:30.33:20.00:0:6:0.61:0.00:2.83:1:0.37:71.67:0.29	T:0:0.00:0.00:0.00:0:0:0.00:0.00:0.00:0:0.00:0.00:0.00	N:0:0.00:0.00:0.00:0:0:0.00:0.00:0.00:0:0.00:0.00:0.00
